epoch,categorical_accuracy,loss,lr,val_categorical_accuracy,val_loss
0,0.11280377209186554,2.6629769802093506,1e-04,0.16973811388015747,7.859594821929932
1,0.12380606681108475,2.295442819595337,1e-04,0.15761396288871765,2.222242832183838
2,0.1259823441505432,2.2844533920288086,1e-04,0.1755577176809311,2.237743616104126
3,0.15379035472869873,2.2696828842163086,1e-04,0.18234723806381226,2.235030174255371
4,0.15645024180412292,2.27067494392395,1e-04,0.1741028130054474,2.239664316177368
5,0.1552412062883377,2.270871162414551,1e-04,0.2361784726381302,2.1402013301849365
6,0.1604400873184204,2.271790027618408,1e-04,0.21193017065525055,2.1581499576568604
7,0.14460161328315735,2.2631781101226807,1e-04,0.12851600348949432,2.222728729248047
